scoreValid,scoreTest,loss,params,iteration,train_time
0.7619681324224685,0.7907256415272171,0.23803186757753148,"{'boosting_type': 'dart', 'colsample_bytree': 0.6234133796433076, 'learning_rate': 0.00020070534924976767, 'max_depth': 8, 'min_child_samples': 305, 'n_estimators': 1710, 'num_leaves': 110, 'objective': 'binary', 'reg_alpha': 0.9360113571621839, 'reg_lambda': 0.12916072588433292, 'scale_pos_weight': 79.75, 'subsample': 0.5572057314030783}",1,82.50833018682695
0.763218760873779,0.7782796578521509,0.23678123912622095,"{'boosting_type': 'goss', 'colsample_bytree': 0.8404793864379236, 'learning_rate': 0.0017408219938591606, 'max_depth': 10, 'min_child_samples': 335, 'n_estimators': 1873, 'num_leaves': 13, 'objective': 'binary', 'reg_alpha': 0.8466910097551715, 'reg_lambda': 0.8455208397657017, 'scale_pos_weight': 79.75, 'subsample': 1.0}",2,34.30440523477972
0.7466754111634148,0.7887072537477993,0.25332458883658515,"{'boosting_type': 'goss', 'colsample_bytree': 0.7077279190421989, 'learning_rate': 0.0001293401762464266, 'max_depth': 15, 'min_child_samples': 130, 'n_estimators': 1746, 'num_leaves': 67, 'objective': 'binary', 'reg_alpha': 0.8914059772003393, 'reg_lambda': 0.23587620656116004, 'scale_pos_weight': 79.75, 'subsample': 1.0}",3,89.17392502756337
0.7574844680784519,0.7856707805025518,0.24251553192154807,"{'boosting_type': 'dart', 'colsample_bytree': 0.7595614572362153, 'learning_rate': 0.002438455113624812, 'max_depth': 12, 'min_child_samples': 495, 'n_estimators': 2301, 'num_leaves': 140, 'objective': 'binary', 'reg_alpha': 0.5907273794385136, 'reg_lambda': 0.5499232401024817, 'scale_pos_weight': 119.625, 'subsample': 0.9970904657374347}",4,59.03429415051875
0.7397189535479761,0.7725912720288798,0.2602810464520239,"{'boosting_type': 'dart', 'colsample_bytree': 0.7131119303819343, 'learning_rate': 1.8662310928317464e-05, 'max_depth': 23, 'min_child_samples': 25, 'n_estimators': 2264, 'num_leaves': 91, 'objective': 'binary', 'reg_alpha': 0.5837612618856107, 'reg_lambda': 0.3845065003380307, 'scale_pos_weight': 119.625, 'subsample': 0.9189038682666375}",5,109.01584140097566
